factorId,factorAbbreviation,factorName,factorShortName,styleName,factorOrder
0,ROIC,Return on Invested Capital,ROIC,Capital Efficiency,0
1,ROE,Return on Equity,Return on Equity,Capital Efficiency,0
2,ROA,Return on Assets,ROA,Capital Efficiency,0
3,CFROIC,Cash Flow Return on Invested Capital,CF ROIC,Capital Efficiency,0
4,DA,Debt to Assets Ratio,Debt to Assets,Capital Efficiency,1
5,LTDE,Long Term Debt to Equity Ratio,LT Debt to Equity,Capital Efficiency,1
6,CapAcqRatio,Capital Acquisition Ratio,Capital Acquisition Ratio,Capital Efficiency,0
7,IntCovRatio,Interest Coverage Ratio,Interest Coverage,Capital Efficiency,0
8,ShareChg,1Y Chg in Shares Outstanding,1Y Chg Shares Out,Capital Efficiency,1
9,BuyBackChg,1Y Chg in Stock Buybacks,Buybacks,Capital Efficiency,0
10,CashCycle,Cash Conversion Cycle,Cash Conversion Cycle,Earnings Quality,1
11,NetProfitMargin,Net Profit Margin,Net Profit Margin,Earnings Quality,0
12,WCAccruals,Working Capital Accruals,WC Accruals,Earnings Quality,1
13,TotalAccruals,Balance Sheet Accruals,BSAccruals,Earnings Quality,1
14,ChgDeprCapex,Change in TTM Depr. to Capex,TTM Depr to Capex,Earnings Quality,1
15,InvToAsset,Asset Adjusted Capital Investments,Cap Investment to Assets,Earnings Quality,1
16,ChgSalesMargin,Sales to Gross Profit Margin Growth,Sales to GPM Grwth,Earnings Quality,1
17,BP,Book to Price,Book to Price,Valuation,0
18,CashAst,Cash to Total Assets,Cash to Tot Assets,Valuation,0
19,AssetTurn,Asset Turnover,Asset Turnover,Earnings Quality,0
20,InvTurn,Inventory Turnover,InvTurns,Earnings Quality,0
21,UnexpectedRecChg,Unexpected Receivables Change,RecSurprise,Earnings Quality,1
22,PM12M1M,12M - 1M Price Momentum,12M - 1M Price Mom,Price Momentum,0
23,PM1M,1M Price Reversal,1M Price Reversal,Price Momentum,1
24,LogMktCap,Log Market Cap,Log Market Cap,Size,1
25,AnnVol12M,12M Realized Price Volatility,12M Realized Volatility,Volatility,0
26,AnnVol1M,1M Realized Price Volatility,1MVol,Volatility,0
27,HL1M,1M Price High - 1M Price Low,1M Price High Low,Price Momentum,0
28,UnexpectedInvChg,Unexpected Inventory Change,InvSurprise,Earnings Quality,1
29,LogTTMSales,Log TTM Sales,Log TTM Sales,Size,1
30,FCFP,Free Cash Flow to Price,FCF / Price,Valuation,0
31,FCFEV,Free Cash Flow to Enterprise Value,FCF / EV,Valuation,0
32,OCFEV,Operating Cash Flow to Enterprise Value,OCF / EV,Valuation,0
33,OCFP,Operating Cash Flow to Price,OCF / Price,Valuation,0
34,FCFEqt,Free Cash Flow to Common Equity,FCF / Equity,Valuation,0
35,EBITDAEV,EBITDA to Enterprise Value,EBITDA / EV,Valuation,0
36,EP,Earnings to Price,E / P,Valuation,0
37,CFEV,Net Cash Flow to Enterprise Value,NCF / EV,Valuation,0
38,CFP,Net Cash Flow to Price,NCF / Price,Valuation,0
39,EBITDAP,EBITDA to Price,EBITDA / Price,Valuation,0
40,PTIP,Pretax Income Per Share to Price,PreTaxInc / Price,Valuation,0
41,AstAdjChg1YCF,1Y Chg in Asset Adjusted Cash Flow,1YAssetAdjCF,Historical Growth,0
42,AstAdjChg1YEPS,1Y Chg in Asset Adjusted EPS,1YAssetAdjEPS,Historical Growth,0
43,AstAdjChg1YFCF,1Y Chg in Asset Adjusted Free Cash Flow,1Y Chg FCF / Assets,Historical Growth,0
44,AstAdjChg1YOCF,1Y Chg in Asset Adjusted Operating Cash Flow,1Y Chg OCF / Assets,Historical Growth,0
45,Chg1YAstTo,1Y Chg in Sales Turnover,1Y Chg Sales Turnover,Historical Growth,0
46,Chg1YCF,1Y Chg in Cash Flow per Share,1YChg CFS,Historical Growth,0
47,Chg1YEPS,1Y Chg in Earnings per Share,1Y Chg EPS,Historical Growth,0
48,Chg1YFCF,1Y Chg in Free Cash Flow per Share,1YChgFCFS,Historical Growth,0
49,Chg1YOCF,1Y Chg in Operating Cash Flow per Share,1YChgOCFS,Historical Growth,0
50,Chg1YOPM,1Y Chg in Operating Margin,1YChgOpMrgn,Historical Growth,0
51,PAdjChg1YCF,1Y Chg in Cash Flow to Price,1YChg CF / Price,Historical Growth,0
52,PAdjChg1YEPS,1Y Chg in Earnings to Price,1YChg EP,Historical Growth,0
53,PAdjChg1YFCF,1Y Chg in Free Cash Flow to Price,1YChg FCF / Price,Historical Growth,0
54,PAdjChg1YOCF,1Y Chg in Operating Cash Flow to Price,1YChg OCF / Price,Historical Growth,0
55,AstAdjChg3YCF,3Y Chg in Asset Adjusted Cash Flow,3YAssetAdjCF,Historical Growth,0
56,AstAdjChg3YEPS,3Y Chg in Asset Adjusted EPS,3YAssetAdjEPS,Historical Growth,0
57,AstAdjChg3YFCF,3Y Chg in Asset Adjusted Free Cash Flow,3YAssetAdjFCF,Historical Growth,0
58,AstAdjChg3YOCF,3Y Chg in Asset Adjusted Operating Cash Flow,3YAssetAdjOCF,Historical Growth,0
59,Chg3YAstTo,3Y Chg in Sales Turnover,3YChgSalesTurnover,Historical Growth,0
60,Chg3YCF,3Y Chg in Cash Flow per Share,3YChg CFS,Historical Growth,0
61,Chg3YEPS,3Y Chg in Earnings per Share,3YChgEPS,Historical Growth,0
62,Chg3YFCF,3Y Chg in Free Cash Flow per Share,3YChgFCFS,Historical Growth,0
63,Chg3YOCF,3Y Chg in Operating Cash Flow per Share,3YChgOCFS,Historical Growth,0
64,Chg3YOPM,3Y Chg in Operating Margin,3YChgOpMrgn,Historical Growth,0
65,PAdjChg3YCF,3Y Chg in Cash Flow to Price,3YChg CF / Price,Historical Growth,0
66,PAdjChg3YEPS,3Y Chg in Earnings to Price,3YChg EP,Historical Growth,0
67,PAdjChg3YFCF,3Y Chg in Free Cash Flow to Price,3YChg FCF / Price,Historical Growth,0
68,PAdjChg3YOCF,3Y Chg in Operating Cash Flow to Price,3YChg OCF / Price,Historical Growth,0
69,PM9M,9 Month Price Momentum,9M Price Momentum,Price Momentum,0
70,PRatio15To36W,15/36 Week Price Ratio,15 / 36W Price,Price Momentum,0
71,RSI26W,26W Relative Price Strength,26W RSI,Price Momentum,0
72,Beta60M,60M CAPM Beta,60M CAPM Beta,Volatility,0
73,ShortIntRatio,Short Interest Ratio,ShortIntRatio,Price Momentum,1
74,ShortIntTrdVol,Short Interest Trading Volume,Short Interest / ADTV,Price Momentum,1
75,STO,Share Turnover,Share Turnover,Price Momentum,1
76,HL52W,52W High Low,52WHighLow,Price Momentum,1
77,SusGrwRate,Sustainable Growth Rate,Sustainable Growth,Historical Growth,0
78,PAdjChg1YSales,1Y Chg in Sales to Price,1Y Chg Sales / Price,Historical Growth,0
79,PAdjChg3YSales,3Y Chg in Sales to Price,3YChg Sales / Price,Historical Growth,0
80,10DMACD,10 Day MACD Trend,10DMACD,Price Momentum,0
81,Alpha60M,60M CAPM Alpha,60M Alpha,Price Momentum,1
82,Alpha12M6MPChg,6M Chg in 12M CAPM Alpha,6MChg12MAlpha,Price Momentum,0
83,Alpha18M6MPChg,6M Chg in 18M CAPM Alpha,6MChg18MAlpha,Price Momentum,0
84,Alpha36M6MPChg,6M Chg in 36M CAPM Alpha,6MChg36MAlpha,Price Momentum,0
85,4To52WPrcOsc,4W to 52W Price Oscillator,4W / 52W Oscillator,Price Momentum,1
86,39WRtnLag4W,39W Lagged Return,39WLagReturn,Price Momentum,0
87,52WSlope,Slope of 52W Price Trend,52WSlope,Price Momentum,0
88,24MResRtnVar,24M Residual Return Variance,24M Residual Var,Price Momentum,1
89,90DCV,90 Day Coefficient of Variation,90DCV,Volatility,0
90,50To200PrcRatio,50 Day to 200 Day Stock Price,50D / 200D Price Ratio,Price Momentum,0
91,PrcTo52WH,Closing Price to 52 Week High,52WeekHigh,Price Momentum,0
92,PrcTo260DL,Closing Price to 260 Day Low,Close to 260D Low,Price Momentum,1
93,CapExToAst,Capital Expenditure to Total Assets,Capex / Total Assets,Capital Efficiency,1
94,CapExToSales,Capital Expenditure to Sales,Capex / Sales,Earnings Quality,1
95,CashToSales,Cash to Sales,Cash / Sales,Earnings Quality,1
96,DivToCF,Dividends to Cash Flow,Dividends / CF,Valuation,0
97,EPSToOCFChg,1Y Chg in EPS to Operating Cash Flow,1YChg EPS / OCF,Earnings Quality,0
98,ETO,Equity Turnover,Equity Turnover,Earnings Quality,0
99,OPM,Operating Margin,Op Margin,Earnings Quality,0
100,PTIToNOA,Pretax Income to Net Operating Assets,Pretax Inc / NOA,Earnings Quality,0
101,RDInt,Research & Development Intensity,R&D Intensity,Earnings Quality,0
102,REToAst,Retained Earnings to Total Assets,RE / Total Assets,Earnings Quality,0
103,SalesToEPSChg,1Y Chg in Sales to Earnings,1YChg in Sales / Earnings,Earnings Quality,0
104,SalesToInvCap,Sales to Invested Capital,Sales / Invested Capital,Earnings Quality,0
105,SGAToSales,SG&A to Sales,SG&A / Sales,Earnings Quality,1
106,WCapToAst,Working Capital to Total Assets,WC / Total Assets,Earnings Quality,0
107,WCapToSales,Working Capital to Sales,WC / Sales,Earnings Quality,1
108,AstP,Assets to Price Ratio,Asset / Price,Valuation,0
109,CashEV,Cash to EV Ratio,Cash / EV,Valuation,0
110,CashP,Cash to Price,Cash / Price,Valuation,0
111,GFP,Growth Flow to Price,Growth Flow / Price,Valuation,0
112,DivP,Dividends to Price Ratio,Div / Price,Valuation,0
113,IndiDivP,Indicated Annual Dividends to Price Ratio,Indicated Div / Price,Valuation,0
114,NCAP,Net Current Assets to Price Ratio,Net Current Assets/ Price,Valuation,0
115,OEP,Operating Earnings to Price Ratio,Operating E / P,Valuation,0
116,SEV,Sales to EV Ratio,Sales / EV,Valuation,0
117,SP,Sales to Price Ratio,Sales / Price,Valuation,0
118,CACL,Current Ratio,Current Ratio,Earnings Quality,0
119,QuickRatio,Quick Ratio,QuickRatio,Earnings Quality,0
120,CashRatio,Cash Ratio,CashRatio,Earnings Quality,0
121,RecTurn,Receivables Turnover Ratio,Receivables Turnover,Capital Efficiency,0
122,EBITMargin,EBIT Margin,EBIT Margin,Earnings Quality,0
123,GPMargin,Gross Profit Margin,Gross Profit Margin,Earnings Quality,0
124,WCA,Working Capital to Assets Ratio,Working Capital to Assets,Earnings Quality,0
125,OEA,Operating Earnings to Assets Ratio,Operating Earning / Asset,Earnings Quality,0
126,FL,Financial Leverage (Equity Multiplier),Equity Multiplier,Capital Efficiency,0
127,PTMargin,Pretax Profit Margin,Pretax Margin,Capital Efficiency,0
128,TobinQ,Tobin's Q Ratio,Q Ratio,Capital Efficiency,1
129,WCTurn,Working Capital Turnover Ratio,Working Capital Turnover,Capital Efficiency,0
130,DepToCapex,Depreciation to Capex Ratio,Depreciation to Capex,Earnings Quality,0
131,InvToAst,Inventory to Assets Ratio,Inventory to Assets,Earnings Quality,1
132,AccrualRatioBS,Accrual Ratio - Balance Sheet,Accrual Ratio,Earnings Quality,1
133,AccrualRatioCF,Accrual Ratio - Cash Flows,Accrual Ratio - CF,Earnings Quality,1
134,DebtChg1Y,Year over Year Change of Total Debt,Debt Change,Capital Efficiency,1
135,PM6M,6 Months Price Reversal,6 Months Price Reversal,Price Momentum,1
136,SGAToSalesChg1Y,Year over Year Change in SGA to Sales,SGA to Sales 1-Yr Change,Earnings Quality,1
137,InvToAstChg1Y,Year over Year Change of Inventory to Assets,Inv to Ast YoY Chg,Earnings Quality,1
138,EPSToSalesChg1Y,Year over Year Change of EPS to Sales,EPS to Sales 1-Yr Change,Earnings Quality,0
139,AdjAccruals,Adjusted Accruals,Adjusted Accruals,Earnings Quality,1
140,MaxRetPayoff,Max Daily Return in the Past 6 Months,Max Return in 6 Months,Price Momentum,1
141,50DVolSig,50 Day Volume Signal,50 Day Volume Signal,Price Momentum,0
142,LTDA,Long Term Debt to Assets Ratio,LongTerm Debt/Asset Ratio,Capital Efficiency,1
143,SolvencyRatio,Solvency Ratio,Solvency Ratio,Valuation,0
144,RONA,Return on Net Tangible Assets,Rtrn on Net Tangi Asset,Valuation,0
145,IndRel_ROIC,Ind Grp Rel Return on Invested Capital,Ind Rel ROIC,Capital Efficiency,0
146,5YRel_ROIC,5 Yr Hist Rel Return on Invested Capital,5Y Rel ROIC,Capital Efficiency,0
147,IndRel_ROE,Ind Grp Rel Return on Equity,Ind Rel Return on Equity,Capital Efficiency,0
148,5YRel_ROE,5 Yr Hist Rel Return on Equity,5Y Rel Return on Equity,Capital Efficiency,0
149,IndRel_ROA,Ind Grp Rel Return on Assets,Ind Rel ROA,Capital Efficiency,0
150,5YRel_ROA,5 Yr Hist Rel Return on Assets,5Y Rel ROA,Capital Efficiency,0
151,IndRel_CFROIC,Ind Grp Rel Cash Flow Return on Invested Capital,Ind Rel CF ROIC,Capital Efficiency,0
152,IndRel_DA,Ind Grp Rel Debt to Assets Ratio,Ind Rel Debt to Ast,Capital Efficiency,1
153,IndRel_LTDE,Ind Grp Rel Long Term Debt to Equity Ratio,Ind Rel LTD to Equity,Capital Efficiency,1
154,IndRel_CapAcqRatio,Ind Grp Rel Capital Acquisition Ratio,Ind Rel Cap Acq Ratio,Capital Efficiency,0
155,IndRel_IntCovRatio,Ind Grp Rel Interest Coverage Ratio,Ind Rel Int Cov,Capital Efficiency,0
156,IndRel_ShareChg,Ind Grp Rel 1Y Chg in Shares Outstanding,Ind Rel 1Y Shares Chg,Capital Efficiency,1
157,IndRel_BuyBackChg,Ind Grp Rel 1Y Chg in Stock Buybacks,Ind Rel Buybacks,Capital Efficiency,0
158,IndRel_CashCycle,Ind Grp Rel Cash Conversion Cycle,Ind Rel Cash Cycle,Earnings Quality,1
159,IndRel_NetProfitMargin,Ind Grp Rel Net Profit Margin,Ind Rel Profit Margin,Earnings Quality,0
160,5YRel_NetProfitMargin,5 Yr Hist Rel Net Profit Margin,5Y Rel Net Profit Margin,Earnings Quality,0
161,IndRel_WCAccruals,Ind Grp Rel Working Capital Accruals,Ind Rel WC Accruals,Earnings Quality,1
162,IndRel_TotalAccruals,Ind Grp Rel Balance Sheet Accruals,Ind Rel BSAccruals,Earnings Quality,1
163,IndRel_ChgDeprCapex,Ind Grp Rel Change in TTM Depr. to Capex,Ind Rel TTM Depr to Capex,Earnings Quality,1
164,IndRel_InvToAsset,Ind Grp Rel Asset Adjusted Capital Investments,Ind Rel Cap Inv to Assets,Earnings Quality,1
165,IndRel_ChgSalesMargin,Ind Grp Rel Sales to Gross Profit Margin Growth,Ind Rel Sales to GPM chg,Earnings Quality,1
166,5YRel_ChgSalesMargin,5 Yr Hist Rel Sales to Gross Profit Margin Growth,5Y Rel Sales to GPM Grwth,Earnings Quality,1
167,IndRel_BP,Ind Grp Rel Book to Price,Ind Rel Book to Price,Valuation,0
168,5YRel_BP,5 Yr Hist Rel Book to Price,5Y Rel Book to Price,Valuation,0
169,IndRel_CashAst,Ind Grp Rel Cash to Total Assets,Ind Rel Cash to Assets,Valuation,0
170,5YRel_CashAst,5 Yr Hist Rel Cash to Total Assets,5Y Rel Cash to Tot Assets,Valuation,0
171,IndRel_AssetTurn,Ind Grp Rel Asset Turnover,Ind Rel Asset Turn,Earnings Quality,0
172,IndRel_InvTurn,Ind Grp Rel Inventory Turnover,Ind Rel InvTurns,Earnings Quality,0
173,IndRel_PM12M1M,Ind Grp Rel 12M - 1M Price Momentum,IndRel 12Mminus1M Prc Mom,Price Momentum,0
174,IndRel_PM1M,Ind Grp Rel 1M Price Reversal,Ind Rel 1M Price Rev,Price Momentum,1
175,IndRel_FCFP,Ind Grp Rel Free Cash Flow to Price,Ind Rel FCF / Price,Valuation,0
176,5YRel_FCFP,5 Yr Hist Rel Free Cash Flow to Price,5Y Rel FCF / Price,Valuation,0
177,IndRel_FCFEV,Ind Grp Rel Free Cash Flow to Enterprise Value,Ind Rel FCF / EV,Valuation,0
178,5YRel_FCFEV,5 Yr Hist Rel Free Cash Flow to Enterprise Value,5Y Rel FCF / EV,Valuation,0
179,IndRel_OCFEV,Ind Grp Rel Operating Cash Flow to Enterprise Value,Ind Rel OCF / EV,Valuation,0
180,5YRel_OCFEV,5 Yr Hist Rel Operating Cash Flow to Enterprise Value,5Y Rel OCF / EV,Valuation,0
181,IndRel_OEP,Ind Grp Rel Operating Earnings to Price Ratio,Ind Rel Op E / P,Valuation,0
182,5YRel_OCFP,5 Yr Hist Rel Operating Cash Flow to Price,5Y Rel OCF / Price,Valuation,0
183,IndRel_FCFEqt,Ind Grp Rel Free Cash Flow to Common Equity,Ind Rel FCF / Equity,Valuation,0
184,5YRel_FCFEqt,5 Yr Hist Rel Free Cash Flow to Common Equity,5Y Rel FCF / Equity,Valuation,0
185,IndRel_EBITDAEV,Ind Grp Rel EBITDA to Enterprise Value,Ind Rel EBITDA / EV,Valuation,0
186,5YRel_EBITDAEV,5 Yr Hist Rel EBITDA to Enterprise Value,5Y Rel EBITDA / EV,Valuation,0
187,IndRel_EP,Ind Grp Rel Earnings to Price,Ind Rel E / P,Valuation,0
188,5YRel_EP,5 Yr Hist Rel Earnings to Price,5Y Rel E / P,Valuation,0
189,IndRel_CFEV,Ind Grp Rel Net Cash Flow to Enterprise Value,Ind Rel NCF / EV,Valuation,0
190,5YRel_CFEV,5 Yr Hist Rel Net Cash Flow to Enterprise Value,5Y Rel NCF / EV,Valuation,0
191,IndRel_CFP,Ind Grp Rel Net Cash Flow to Price,Ind Rel NCF / Price,Valuation,0
192,5YRel_CFP,5 Yr Hist Rel Net Cash Flow to Price,5Y Rel NCF / Price,Valuation,0
193,IndRel_EBITDAP,Ind Grp Rel EBITDA to Price,Ind Rel EBITDA / P,Valuation,0
194,5YRel_EBITDAP,5 Yr Hist Rel EBITDA to Price,5Y Rel EBITDA / Price,Valuation,0
195,IndRel_PTIP,Ind Grp Rel Pretax Income Per Share to Price,Ind Rel PreTaxInc / Price,Valuation,0
196,5YRel_PTIP,5 Yr Hist Rel Pretax Income Per Share to Price,5Y Rel PreTaxInc / Price,Valuation,0
197,IndRel_Chg1YEPS,Ind Grp Rel 1Y Chg in Earnings per Share,Ind Rel 1YChgEPS,Historical Growth,0
198,5YRel_Chg1YEPS,5 Yr Hist Rel 1Y Chg in Earnings per Share,5Y Rel 1YChgEPS,Historical Growth,0
199,IndRel_Chg1YFCF,Ind Grp Rel 1Y Chg in Free Cash Flow per Share,Ind Rel 1YChgFCFS,Historical Growth,0
200,IndRel_Chg1YOCF,Ind Grp Rel 1Y Chg in Operating Cash Flow per Share,Ind Rel 1YChgOCFS,Historical Growth,0
201,IndRel_Chg1YOPM,Ind Grp Rel 1Y Chg in Operating Margin,Ind Rel 1YChgOpMrgn,Historical Growth,0
202,IndRel_PAdjChg1YCF,Ind Grp Rel 1Y Chg in Cash Flow to Price,Ind Rel 1YChg CF / Price,Historical Growth,0
203,IndRel_PAdjChg1YEPS,Ind Grp Rel 1Y Chg in Earnings to Price,Ind Rel 1YChg EP,Historical Growth,0
204,IndRel_PAdjChg1YFCF,Ind Grp Rel 1Y Chg in Free Cash Flow to Price,Ind Rel 1YChg FCF / Price,Historical Growth,0
205,IndRel_PM9M,Ind Grp Rel 9M Price Momentum,Ind Rel 9M Price Momentum,Price Momentum,0
206,IndRel_ShortIntRatio,Ind Grp Rel Short Interest Ratio,Ind Rel ShortIntRatio,Price Momentum,1
207,IndRel_ShortIntTrdVol,Ind Grp Rel Short Interest Trading Volume,IndRel Short Int / ADTV,Price Momentum,1
208,IndRel_SusGrwRate,Ind Grp Rel Sustainable Growth Rate,Ind Rel Sustainable Grwth,Historical Growth,0
209,IndRel_PAdjChg1YSales,Ind Grp Rel 1Y Chg in Sales to Price,IndRel 1YChg Sale / Price,Historical Growth,0
210,IndRel_PAdjChg3YSales,Ind Grp Rel 3Y Chg in Sales to Price,IndRel 3YChg Sale / Price,Historical Growth,0
211,IndRel_CapExToAst,Ind Grp Rel Capital Expenditure to Total Assets,Ind Rel CapEx / Ast,Capital Efficiency,1
212,IndRel_OPM,Ind Grp Rel Operating Margin,Ind Rel Op Margin,Earnings Quality,0
213,5YRel_OPM,5 Yr Hist Rel Operating Margin,5Y Rel Op Margin,Earnings Quality,0
214,IndRel_SGAToSales,Ind Grp Rel SG&A to Sales,Ind Rel SG&A / Sales,Earnings Quality,1
215,IndRel_WCapToSales,Ind Grp Rel Working Capital to Sales,Ind Rel WC / Sales,Earnings Quality,1
216,IndRel_AstP,Ind Grp Rel Assets to Price Ratio,Ind Rel Asset / Price,Valuation,0
217,5YRel_AstP,5 Yr Hist Rel Assets to Price Ratio,5Y Rel Asset / Price,Valuation,0
218,IndRel_CashEV,Ind Grp Rel Cash to EV Ratio,Ind Rel Cash / EV,Valuation,0
219,IndRel_CashP,Ind Grp Rel Cash to Price,Ind Rel Cash / Price,Valuation,0
220,IndRel_GFP,Ind Grp Rel Growth Flow to Price,Ind Rel Growth Flow,Valuation,0
221,5YRel_GFP,5 Yr Hist Rel Growth Flow to Price,5Y Rel Grwth Flow / Price,Valuation,0
222,IndRel_IndiDivP,Ind Grp Rel Indicated Annual Dividends to Price Ratio,Ind Rel Indi Div / P,Valuation,0
223,5YRel_IndiDivP,5 Yr Hist Rel Indicated Annual Dividends to Price Ratio,5Y Rel Indi Div / P,Valuation,0
224,IndRel_NCAP,Ind Grp Rel Net Current Assets to Price Ratio,Ind Rel NCA / Price,Valuation,0
225,5YRel_OEP,5 Yr Hist Rel Operating Earnings to Price Ratio,5Y Rel Operating E / P,Valuation,0
226,IndRel_SEV,Ind Grp Rel Sales to EV Ratio,Ind Rel Sales / EV,Valuation,0
227,5YRel_SEV,5 Yr Hist Rel Sales to EV Ratio,5Y Rel Sales / EV,Valuation,0
228,IndRel_SP,Ind Grp Rel Sales to Price Ratio,Ind Rel Sales / Price,Valuation,0
229,5YRel_SP,5 Yr Hist Rel Sales to Price Ratio,5Y Rel Sales / Price,Valuation,0
230,5YRel_NCAP,5 Yr Hist Rel Net Current Assets to Price Ratio,5YRel Net Cur Ast / Prc,Valuation,0
231,IndRel_OCFP,Ind Grp Rel Operating Cash Flow to Price,Ind Rel OCF / Price,Valuation,0
232,YoYChgDA,1Y Chg in Debt to Assets,1Yr Chg Debt Asset,Volatility,1
233,BookLev,Book Leverage,BookLev,Volatility,0
234,130DMinRtn,130 Day Minimum Return,130DMinRtn,Volatility,0
235,Adj50DVolSig,Adj 50 Day Volume Signal,Adj 50 Day Volume Signal,Volatility,0
236,FCFSales,Free Cash Flow to Sales,FCFSales,Earnings Quality,0
237,EPSStab,EPS Stability,EPS Stability,Historical Growth,0
238,OCFStab,Operating Cash Flow Stability,OCF Stability,Earnings Quality,0
239,AdjAstAdjChg1YFCF,Adj 1Y Chg in Asset Adjusted FCF,Adj 1Y Chg FCF / Assets,Historical Growth,0
240,SalesAcc,Sales Acceleration,SalesAcc,Historical Growth,0
241,AdjAstAdjChg3YFCF,Adjusted 3Y Chg in Asset Adjusted Free Cash Flow,Adj Ast Adj Chg 3Y FCF,Historical Growth,0
242,AdjChgEPS,Adj 1Y Chg in Earnings per Share,Adj 1Y Chg in EPS,Historical Growth,0
243,AdjFCFP,Adj Free Cash Flow to Price,Adjusted FCFP,Valuation,0
244,AdjEBITDAEV,Adj. EBITDA to Enterprise Value,Adj. EBITDA to EV,Valuation,0
245,AdjGFP,Adj Growth Flow to Price,Adj GFP,Valuation,0
246,CashBurn,Cash Burn Rate,Cash Burn Rate,Earnings Quality,0
247,StdErr180D,180D Price TStat,180D Price TStat,Price Momentum,0
248,ChgNonPerfLnGL,Change in Non Performing Loans to Total Gross Loans,ChgNonPerfLnGL,Earnings Quality,1
249,ProvChgOffSales,Provisions and Charge Offs To Sales,ProvChgOffSales,Earnings Quality,1
250,FCFStab,Free Cash Flow Stability,FCF Stability,Earnings Quality,0
251,CFEqt,Cash Flow to Equity,CFEqt,Valuation,0
252,CFIC,Cash Flow to Invested Capital,CFIC,Earnings Quality,0
253,CashAdjEV,Cash to Adjusted Enterprise Value,Cash to Adj EV,Valuation,0
254,RskAdjRS,Risk Adjusted Relative Strength,RskAdjRS,Price Momentum,0
255,RelPrStr_12M,12 month Relative Price Strength,RelPrStr_12M,Price Momentum,0
256,ChgNonPerAsttoAst,Change in Non performing Asset to Total Asset,ChgNonPerAsttoAst,Earnings Quality,1
257,ChgChgOfftoGL,Change in Net Charge off to Gross Loan,ChgChgOfftoGL,Earnings Quality,1
258,ChgNonPerAsttoResLnLos,Change in Non performing Asset to Reserve Loan Loss,ChgNonPerAsttoResLnLos,Earnings Quality,1
259,AdjChgEPStoSales,Change EPS to Sales,Chg EPS to Sales,Earnings Quality,0
260,OCFAst,Operating Cash Flow to Asset,OCFAst,Earnings Quality,0
261,CFAst,Cash Flow to Total Asset,CFAst,Earnings Quality,0
262,ChgSalestoChgEPS,Change of Sales to Change of EPS,ChgSalestoChgEPS,Earnings Quality,1
263,OCFIC,Operating Cash Flow to Invested Capital,OCFIC,Earnings Quality,0
264,ChgATO,Change of Asset Turnover,Chg in Asset Turnover,Historical Growth,0
265,FCFP_BK,Banking FCF to Price,Banks for FCFP,Valuation,0
266,BVEV,Adjusted Book to Enterprise Value,AdjBVEV,Valuation,0
267,IndRelEBITP,Adjusted Industry Relative EBIT to Price,AdjIndRelEBITP,Valuation,0
268,OCFEqt,Operating Cash Flow to Equity,OCFEqt,Capital Efficiency,0
269,EBITDAMargin,EBITDA Margin,EBITDAMargin,Earnings Quality,0
270,CurLiaP,Current Liability to Price,CurLiaP,Valuation,0
271,AdjIntCov,Adjusted Interest Coverage Ratio,Adjusted Interest Cov.,Capital Efficiency,0
272,OCFRatio,Operating Cash Flow Ratio,OCFRatio,Capital Efficiency,0
273,NonPerfAstResLnLs,Non Performing Asset to Reserve Loan Loss,NonPerfAstResLnLs,Earnings Quality,1
274,FinLev,Degree of Financial Leverage,Financial Leverage,Capital Efficiency,0
275,5DVolSig,5 Day Volume Signal,5D Volume Signal,Price Momentum,0
276,IndRelRtn4W,4 Week Industry Relative Return,IndRelRtn4W,Price Momentum,1
277,CVVolPrc20D,20 Day Coefficient of Variation of Volume to Price,CVVolPrc20D,Price Momentum,0
278,CVVolPrc60D,60 Day Coefficient of Variation of Volume to Price,CVVolPrc60D,Price Momentum,0
279,STO_6M,6 Month Average Share Turn Over,STO_6M,Price Momentum,1
280,PSlopeSERR_26W,26W Price Stat,PSlopeSERR_26W,Price Momentum,0
281,CVVolPrc30D,30 Day Coefficient of Variation of Volume to Price,CVVolPrc30D,Price Momentum,0
282,IndRel_CACL,Ind Grp Rel Current Ratio,Ind Rel Current Ratio,Earnings Quality,0
283,IndRel_QuickRatio,Ind Grp Rel Quick Ratio,Ind Rel QuickRatio,Earnings Quality,0
284,IndRel_CashRatio,Ind Grp Rel Cash Ratio,Ind Rel CashRatio,Earnings Quality,0
285,IndRel_RecTurn,Ind Grp Rel Receivables Turnover Ratio,IndRel ReceivableTurnover,Capital Efficiency,0
286,IndRel_EBITMargin,Ind Grp Rel EBIT Margin,Ind Rel EBIT Margin,Earnings Quality,0
287,IndRel_GPMargin,Ind Grp Rel Gross Profit Margin,Ind Rel Gross Prof Margin,Earnings Quality,0
288,IndRel_WCA,Ind Grp Rel Working Capital to Assets Ratio,IndRel Work Capital / Ast,Earnings Quality,0
289,IndRel_OEA,Ind Grp Rel Operating Earnings to Assets Ratio,IndRel Operate Earn / Ast,Earnings Quality,0
290,IndRel_PTMargin,Ind Grp Rel Pretax Profit Margin,Ind Rel Pretax Margin,Capital Efficiency,0
291,IndRel_TobinQ,Ind Grp Rel Tobin's Q Ratio,Ind Rel Q Ratio,Capital Efficiency,1
292,IndRel_WCTurn,Ind Grp Rel Working Capital Turnover Ratio,IndRel Work Capital Turn,Capital Efficiency,0
293,IndRel_DepToCapex,Ind Grp Rel Depreciation to Capex Ratio,IndRel Depreciate / Capex,Earnings Quality,0
294,IndRel_InvToAst,Ind Grp Rel Inventory to Assets Ratio,IndRel Inventory to Asset,Earnings Quality,1
295,IndRel_AccrualRatioBS,Ind Grp Rel Accrual Ratio - Balance Sheet,Ind Rel Accrual Ratio,Earnings Quality,1
296,IndRel_AccrualRatioCF,Ind Grp Rel Accrual Ratio - Cash Flows,Ind Rel Accrual Ratio-CF,Earnings Quality,1
297,IndRel_DebtChg1Y,Ind Grp Rel Year over Year Change of Total Debt,Ind Rel Debt Change,Capital Efficiency,1
298,IndRel_PM6M,Ind Grp Rel Price Momentum - 6 Months,Ind Rel 6M Price Mom,Price Momentum,1
299,IndRel_SGAToSalesChg1Y,Ind Grp Rel YoY Change in SGA to Sales,IndRel SGA / Sales 1Y Chg,Earnings Quality,1
300,IndRel_InvToAstChg1Y,Ind Grp Rel Year over Year Change of Inventory to Assets,IndRel YoY Chg Inv / Ast,Earnings Quality,1
301,IndRel_EPSToSalesChg1Y,Ind Grp Rel Year over Year Change of EPS to Sales,IndRel EPS / Sales 1Y Chg,Earnings Quality,0
302,IndRel_AdjAccruals,Ind Grp Rel Adjusted Accruals,Ind Rel Adjusted Accruals,Earnings Quality,1
303,IndRel_MaxRetPayoff,Ind Grp Rel Max Daily Return in the Past 6 Months,IndRel Max Return in 6M,Price Momentum,1
304,IndRel_50DVolSig,Ind Grp Rel 50 Day Volume Signal,IndRel 50D Volume Signal,Price Momentum,0
305,IndRel_LTDA,Ind Grp Rel Long Term Debt to Assets Ratio,IndRel LT Debt/Ast Ratio,Capital Efficiency,1
306,IndRel_SolvencyRatio,Ind Grp Rel Solvency Ratio,Ind Rel Solvency Ratio,Valuation,0
307,IndRel_RONA,Ind Grp Rel Return on Net Tangible Assets,IndRel Rtn Net Tangi Ast,Valuation,0
308,5YRel_CACL,5 Yr Hist Rel Current Ratio,5Y Rel Current Ratio,Earnings Quality,0
309,5YRel_QuickRatio,5 Yr Hist Rel Quick Ratio,5Y Rel QuickRatio,Earnings Quality,0
310,5YRel_CashRatio,5 Yr Hist Rel Cash Ratio,5Y Rel CashRatio,Earnings Quality,0
311,5YRel_RecTurn,5 Yr Hist Rel Receivables Turnover Ratio,5YRel Receivable Turnover,Capital Efficiency,0
312,5YRel_EBITMargin,5 Yr Hist Rel EBIT Margin,5Y Rel EBIT Margin,Earnings Quality,0
313,5YRel_GPMargin,5 Yr Hist Rel Gross Profit Margin,5YRel Gross Profit Margin,Earnings Quality,0
314,5YRel_WCA,5 Yr Hist Rel Working Capital to Assets Ratio,5YRel Work Capital / Ast,Earnings Quality,0
315,5YRel_OEA,5 Yr Hist Rel Operating Earnings to Assets Ratio,5YRel Operate Earn / Ast,Earnings Quality,0
316,5YRel_PTMargin,5 Yr Hist Rel Pretax Profit Margin,5Y Rel Pretax Margin,Capital Efficiency,0
317,5YRel_TobinQ,5 Yr Hist Rel Tobin's Q Ratio,5Y Rel Q Ratio,Capital Efficiency,1
318,5YRel_WCTurn,5 Yr Hist Rel Working Capital Turnover Ratio,5YRel Work Cap Turnover,Capital Efficiency,0
319,5YRel_DepToCapex,5 Yr Hist Rel Depreciation to Capex Ratio,5YRel Depreciate / Capex,Earnings Quality,0
320,5YRel_InvToAst,5 Yr Hist Rel Inventory to Assets Ratio,5YRel Inventory to Assets,Earnings Quality,1
321,5YRel_AccrualRatioBS,5 Yr Hist Rel Accrual Ratio - Balance Sheet,5Y Rel Accrual Ratio,Earnings Quality,1
322,5YRel_AccrualRatioCF,5 Yr Hist Rel Accrual Ratio - Cash Flows,5Y Rel Accrual Ratio - CF,Earnings Quality,1
323,5YRel_AdjAccruals,5 Yr Hist Rel Adjusted Accruals,5Y Rel Adjusted Accruals,Earnings Quality,1
324,5YRel_LTDA,5 Yr Hist Rel Long Term Debt to Assets Ratio,5YRel LT Debt / Ast Ratio,Capital Efficiency,1
325,5YRel_SolvencyRatio,5 Yr Hist Rel Solvency Ratio,5Y Rel Solvency Ratio,Valuation,0
326,5YRel_RONA,5 Yr Hist Rel Return on Net Tangible Assets,5YRel Rtn Net Tangi Ast,Valuation,0
327,3MSalesMom,3M Momentum in Trailing 12M Sales,3M Momentum in 12M Sales,Historical Growth,0
328,6MTTMSalesMom,6M Momentum in Trailing 12M Sales,6M Momentum in 12M Sales,Historical Growth,0
329,Chg4QSalesTrend,Change in Slope of 4-Quarter Trendline through Quarterly Sales,Chg Slope Trend thru Sale,Historical Growth,0
330,4WChgFwd12MEPS,4-Week Change in 12-Month Forward Earnings Consensus Estimate/Price,4W Chag Earning Est/Price,Valuation,0
331,8WChgFwd12MEPS,8-Week Change in 12-Month Forward Earnings Consensus Estimate/Price,8W Chg Earning Est/Price,Valuation,0
332,FY2OverFY1Growth,Expected Earnings Growth: Fiscal Year 2/Fiscal Year 1,FY2 / FY1 Earnings Growth,Historical Growth,0
333,12QTTMCFTrend,12-Quarter Trendline in Trailing 12-Month Cash Flows,12Q TrendLine TTM CF,Historical Growth,0
334,12QTrendTTMEPS,12-Quarter Trendline in Trailing 12-Month Earnings,12Q Trendline in TTM Earn,Historical Growth,0
335,3YAvgAnnEPSGrw,3Y Average Annual Earnings Growth,3Y Av Ann Earnings Growth,Historical Growth,0
336,3YAvgAnnSalesGrw,3Y Average Annual Sales Growth,3Y Avg Sales Growth,Historical Growth,0
337,ConsQPosChginTTMCF,Number of Consecutive Qtrs of Pos. Changes in TTM Cash Flows,# Qtrs Pos TTM Cash Flow,Historical Growth,0
338,ConsQPosChgTTMEPS,Number of Consecutive Qtrs of Positive Changes in TTM Quarterly Earnings,# of Pos. Chg. of TTM EPS,Historical Growth,0
339,52WVPT20DLag,52-Week Volume Price Trend with 20-Day Lag,52W Price Trd 20D Lag,Price Momentum,0
340,PA52WL20DLag,Percent Above 260-Day Low,Percent Above 260-Day Low,Price Momentum,0
341,20DStochastic,20-Day Lane's Stochastic Indicator,20D Stochastic Indicator,Price Momentum,1
342,14DayRSI,14-Day Relative Strength Index,14D RSI,Price Momentum,1
343,5DMoneyFlowVol,5-Day Money Flow/Volume,5D Money Flow/Volume,Price Momentum,1
344,CQDOHtoSales,Consecutive Quarters of Declines in TTM Overhead/Sales,Qtrs of Decl in OH/Sales,Historical Growth,0
345,CQDRItoSales,Num of Quarters of Declines in Receivables and Inventories/TTM Sales,Qtrs of Decl. in RI/Sales,Historical Growth,0
346,CQPTTMCFtoSales,Num of Qtrs of Pos Chgs in TTM Cash Flows/TTM Sales,Qtrs of Pos CF/Sales,Historical Growth,0
347,TTMEPStoTTMSales,Trailing 12-Month Earnings/Trailing 12-Month Sales,TTM EPS/TTM Sales,Earnings Quality,0
348,LogMktCapCubed,Log of Market Capitalization Cubed,Log of Market Cap Cubed,Size,1
349,LogAssets,Log of Total Last Quarter Assets,Log Assets,Size,0
350,TTMOverheadtoSales,Trailing 12-Month Overhead/Trailing 12-Month Sales,TTM Overhead/TTM Sales,Historical Growth,1
351,TTMRecInvToSales,Trailing 12-Month Receivables and Inventories/Trailing 12-Month Sales,TTM (Rec + Inv)/TTM Sales,Historical Growth,0
352,5DRtn,5-Day Return,5D Return,Price Momentum,0
353,EBITP,EBIT to Price,EBITP,Valuation,0
354,VolAdjRtn12M,Volatility adjusted 12M return,VolAdjRtn12M,Price Momentum,0
355,PM5D,5 Day Price Reversal,5D Price Reversal,Price Momentum,1
356,IndRel_DivP,Ind Grp Rel Dividends to Price Ratio,Ind Rel Div / Price,Valuation,0
357,IndRel_PM5D,Ind Grp Rel 5 Day Price Momentum,Ind Rel 5D Price Mom,Price Momentum,1
358,BNK_LossAbsorpPower,Loss Absorption Power,BNK_LossAbsorpPower,Capital Efficiency,1
359,BNK_LoanLossInd,Loan Loss Indicator,Bank: Loan Loss Indicator,Earnings Quality,1
360,BNK_LoanFund,Loan Funding,Bank: Loan Funding,Capital Efficiency,1
361,BNK_YoYChg30DLTL,1YChg30DLoanDue/TotLoan,Bank: YoY Chg 30D LD/TL,Earnings Quality,1
362,BNK_ProbLoans,Problem Loan Ratio,Bank: Problem Loan Ratio,Earnings Quality,1
363,BNK_TBVP,Tangible Book Value/Price,Bank: Tangible BV/Price,Valuation,0
364,BNK_NonPerAstEA,Non-Perf Asts / Earn Asts,Bank: N-P Asts/Earn Asts,Earnings Quality,1
365,BNK_TexasRatio,Texas Ratio,Bank: Texas Ratio,Capital Efficiency,1
366,BNK_Tier1Cap,Tier 1 Capital Ratio,Bank: Tier1 Capital Ratio,Capital Efficiency,0
367,BNK_LnDiverse,Loan Diversity,Bank: Loan Diversity,Earnings Quality,1
368,BNK_OpIncAst,Adj Op Income / Tot Asset,Bank: Adj Op Inc/Tot Asts,Earnings Quality,0
369,BNK_DepCost,Deposit Cost,Bank: Deposit Cost,Capital Efficiency,1
370,BNK_CoreDepMix,Core Deposit Mix,Bank: Core Deposit Mix,Capital Efficiency,0
371,BNK_ProvRate,Provision Rate,Bank: Provistion Rate,Earnings Quality,1
372,BNK_PPPP,PreProvision Profit/Price,Bank: PreProv Prft/Price,Valuation,0
373,BNK_CostEff,Cost Efficiency,Bank: Cost Efficiency,Earnings Quality,1
374,BNK_DemandDepMix,Demand Deposit Mix,Bank: Demand Deposit Mix,Capital Efficiency,0
375,BNK_TimeDepMix,Time Deposit Mix,Bank: Time Deposit Mix,Capital Efficiency,1
376,BNK_PPPEA,PreProv Profit/Earn Asts,Bank: PreProf Prft/ErnAst,Capital Efficiency,0
377,BNK_PPPA,PreProv Profit/Assets,Bank: PreProf Profit/Asts,Capital Efficiency,0
378,BNK_ROTCE,Return on Tang Comm Eqty,Bank: Rtrn on Tang Com Eq,Capital Efficiency,0
379,RET_CompSalesG,1Yr SameStoreSales Growth,Retail: SameStorSls YoY,Historical Growth,0
380,RET_YoYGrwSqFt,1 Yr Retail SqFt Growth,Retail: SqFt Growth YoY,Historical Growth,1
381,RET_ChgEPSChgSqFT,1Y Chg EPS minus 1Y Chg SqFt,Retail: YoYEPS-YoYSqFt,Historical Growth,0
382,RET_ChgSalesChgSqFT,1YChg Sales to 1YChg SqFt,Retail: YoYSales/YoYSqFt,Historical Growth,0
383,RET_NetProfitSqFt,Net Profit to Retail SqFt,Retail: Net Profit SqFt,Earnings Quality,0
384,RET_NetSalesSqFt,Sales to Retail SqFt,Retail: Net Sales Sq Ft,Earnings Quality,0
385,RET_TTMStoresOP,TTMStoreOpen to TotStore,Retail: TTM Stores Opn %,Capital Efficiency,1
386,RET_TTMStoresCLS,TTMStoreClose to TotStore,Retail: TTM Stores Clsd %,Capital Efficiency,1
387,RET_1YChgNumStores,1Y Chg Number of Stores,Retail: 1Y Chg Num Stores,Capital Efficiency,1
388,RET_ChgSSSGrw,1YChg SameStoreSalesGrwth,Retail: 1Y Chg SmStrSlsGr,Historical Growth,0
389,RET_ChgSalesPerSQFT,1YChg Net Sales per SqFt,Retail: 1Y Chg Sales SqFt,Historical Growth,0
390,RET_SSSGrwAcc,SameStoreSalesGrwthAccel,Retail: SmStrSlsGr Accel,Historical Growth,0
391,RET_StoreCLSMOM,Stores Closed Momentum,Retail: Store Close Mmntm,Historical Growth,1
392,RET_StoreOPMOM,Stores Opened Momentum,Retail: Store Open Mmntm,Historical Growth,0
393,stdRR36M,Standardized 36M Residual,Std 36M Residual,Price Momentum,1
394,OG_ChgDCFMktCap,1Y Chg in Discounted Future Cash Flows to Market Cap,OilGas: 1Y Chg DCF / MCap,Historical Growth,0
395,OG_DCFMktCap,Discounted Future Cash Flows to Market Cap,OilGas: DCF / MCap,Valuation,0
396,OG_FCFMktCap,Future Cashflow Yield,OilGas: Future CF Yield,Valuation,0
397,OG_ChgFCFMktCap,1Y Chg in Future Cashflow Yield,OilGas: 1Y Chg Fut CF Yld,Historical Growth,0
398,OG_ChgFCFTotAst,1Y Chg in Future Cash Flows to Total Assets,OilGas: 1Y Chg Fut CF/Ast,Historical Growth,0
399,OG_ChgFCFPerShare,1Y Chg in Future Cash Flows per Share,OilGas: 1Y Chg Fut CF/Shr,Historical Growth,0
400,OG_ChgResvExhRate,1Y Chg in Reserve Exhaustion Rate,OilGas: 1Y Chg Rsv Exh Rt,Historical Growth,0
401,OG_ResvExhRate,Reserve Exhaustion Rate,OilGas: Rsrv Exhaust Rate,Capital Efficiency,0
402,OG_ChgResvExpDevC,Reserve Acquisition Cost,OilGas: Rsrv Acqstn Cost,Capital Efficiency,0
403,OG_ChgResvTotCost,1Y Chg in Reserve Acquired to Total Costs,OilGas: 1Y Chg Rsrvs/Cost,Capital Efficiency,0
404,OG_ChgResvMktCap,1Y Chg in Proved Reserves to Market Cap,OilGas: 1Y Chg PrvRsv/Cap,Historical Growth,0
405,OG_PrvdResvMktCap,Proved Reserves to Market Cap,OilGas: Prvd Rsrvs/MCap,Capital Efficiency,0
406,OG_ResvPerShrG,Developed Reserves per Share Growth,OilGas: Dvlp Rsrv/Shr Grw,Historical Growth,0
407,OG_ResvRep,Reserve Replacement Ratio,OilGas: Rsrv Rplcmnt Rt,Capital Efficiency,0
408,OG_OilMgn,Oil Margin,OilGas: Oil Margin,Earnings Quality,0
409,OG_GasMgn,Gas Margin,OilGas: Gas Margin,Earnings Quality,0
410,LogUnadjPrice,Log of Unadjusted Stock Price,LogUnadjPrice,Price Momentum,1
411,GM_ReserveGrowth,Reserve Growth,GoldMn: Reserve Growth,Historical Growth,0
412,GM_ReserveAcqYield,Reserve Acquisition Yield,GoldMn: Rsrv Acqstn Yield,Capital Efficiency,0
413,GM_PPRestoMktCap,Proved & Prob Reserves to Market Cap,GoldMn: Prv&Prb Rsrv/MCap,Valuation,0
414,GM_ProdtoMktCap,Actual Production to Market Cap,GoldMn: Actl Prdctn/MCap,Valuation,0
415,GM_ProductionGrowth,Production Growth,GoldMn: Production Growth,Historical Growth,0
416,GM_MineLife,Mine Life - Gold Mining,GoldMn: Mine Life,Capital Efficiency,0
417,RES_RestaurantsCLSMOM,Restaurants Closing Momentum,Rstrnt: Rest Closed Mmntm,Historical Growth,1
418,RES_RestaurantsOPMOM,Restaurants Opening Momentum,Rstrnt: Rest Opened Mmntm,Historical Growth,0
419,RES_TTMRestaurantsOP_Acq,TTM Rest Open & Acquire to Total Rest,Rstrnt: TTM Rest Opened %,Historical Growth,0
420,RES_TTMRestaurantCLS_Sold,TTM Rest Closed & Sold to Total Rest,Rstrnt: TTM Rest Closed %,Historical Growth,1
421,RES_1YChgNumRestaurants,1 Yr Chg in Number of Restuarants,Rstrnt: 1Y Chg Num Rest,Historical Growth,0
422,RES_1YChgSRSGrowth,1 Yr Same Rest Sales Acceleration,Rstrnt: 1Y SameRstSlsAccl,Historical Growth,0
423,RES_SameRestSalesGrw,Same Restaurant Sales Growth,Rstrnt: SameRstSls Grwth,Historical Growth,0
424,RES_RestaurantOperMargin,Restaurant Operating Margin,Rstrnt: Rest Oper Margin,Earnings Quality,0
425,HG_1YChgRevperRoom,1 Yr Chg in Revenue per Room,HtlGam: 1Y Chg Rev/Room,Historical Growth,0
426,HG_1YChgNumRooms,1 Yr Chg in Number of Rooms,HtlGam: 1Y Chg # Rooms,Historical Growth,0
427,HG_1YChgNumProperties,1 Yr Chg in Number of Properties,HtlGam: 1Y Chg # Prprts,Historical Growth,0
428,HG_ProfitperRoom,Profit per Room,HtlGam: Profit / Room,Capital Efficiency,0
429,HG_RoomMargin,Room Margin,HtlGam: Room Margin,Earnings Quality,0
430,HG_RevperRoom,Revenue per Room,HtlGam: Revenue / Room,Capital Efficiency,0
431,HG_HotelCasinoRevtoOpExp,Hotel & Casino Rev to Oper Exp,HtlGam: Htl&Csno Rev/Opex,Earnings Quality,0
432,INS_UwMargin,Underwriting Margin,Insur: Underwriting Marg,Earnings Quality,0
433,INS_1YGrwUwProfit,1 Yr Grw in Underwriting Profit,Insur: 1Y Gr Undrwrt Prft,Historical Growth,0
434,INS_1YGrwNPE,1 Yr Grw in Net Premiums Earned,Insur: 1Y Grw NetPremErnd,Historical Growth,0
435,INS_1YGrwTotInvestments,1 Yr Grw in Total Investments,Insur: 1Y Grw Tot Invsts,Historical Growth,0
436,INS_RetentionRatio,Retention Ratio,Insur: Retention Ratio,Earnings Quality,1
437,INS_NPWtoStatSurp,Net Prem Written to Stat Surplus,Insur: NetPremWrt/Surplus,Capital Efficiency,1
438,INS_NPWtoNetAssets,Insurance: Net Premium Written to Net Assets,Ins: NPW to Assets,Capital Efficiency,1
439,INS_ClaimsRatio,Claims Ratio,Insur: Claims Ratio,Earnings Quality,1
440,INS_ExpenseRatio,Expense Ratio,Insur: Expense Ratio,Earnings Quality,1
441,INS_CombinedRatio,Combined Ratio,Insur: Combined Ratio,Earnings Quality,1
442,HB_1YGTotHRevConstinProg,1 Yr Grw Tot Home Rev to Const in Prog,HomBld: 1Y Gr Rev/ConstIP,Historical Growth,0
443,HB_DelivHomeValGrtoMktCap,Deliv Homes Value Grw to Mkt Cap,HomBld: DelivHm Grw/MCap,Valuation,0
444,HB_1YrGrTotHomeRevtoInv,1 Yr Grw Tot Home Rev to Inventory,HomBld: 1Y Grw Rev/Invty,Historical Growth,0
445,HB_HomeGM,Home Gross Margin,Hombld: Home Gross Margin,Earnings Quality,0
446,HB_1YGrHouseSalesRev,1 Yr Grw House Sales Revenue,HomBld: 1Y Grw Sales Revs,Historical Growth,0
447,HB_1YGrNetNewOrders,1 Yr Grw Net New Orders,HomBld: 1Y Grw New Orders,Historical Growth,0
448,HB_BacklogHomesValueGr,Backlog Homes Value Grw,HomBld: Backlog Value Grw,Historical Growth,0
449,AIR_1YGrRPC,1 Yr Grw Revenue Passengers Carried,AirLn: 1Y Gr RevPassCarry,Historical Growth,0
450,AIR_1YGrRPM,1 Yr Grw Revenue Passenger Miles,Airln: 1Y Gr RevPassMiles,Historical Growth,0
451,AIR_PassengerLF,Passenger Load Factor,Airln: Pssngr Load Factor,Capital Efficiency,0
452,AIR_TotProfittoASM,Total Profit per Available Seat Mile,Airln: Prft/AvailSeatMil,Earnings Quality,0
453,AIR_OpExptoASM,Operating Exp per Available Seat Miles,Airln: OpExp/AvailSeatMil,Earnings Quality,1
454,AIR_FuelConstoASM,Fuel Consumed per Available Seat Mile,Airln: Fuel/AvailSeatMile,Earnings Quality,1
455,AIR_AvgAgeofAircraft,Average Age of Aircraft,Airln: Avg Aircraft Age,Earnings Quality,1
456,TEL_1YrGrBroadbandSubs,1 Yr Grw Broadband Subscribers,Telcm: 1Y Gr Brdbnd Subsc,Historical Growth,0
457,TEL_1YrGrNetSubsAdds,1 Yr Grw Net Wireless Subs Additions,Telcm: 1Y Gr Net Wrls Add,Historical Growth,0
458,TEL_WirelessPenetrateRate,Wireless Penetration Rate,Telcm: Wrlss Pntrtn Rate,Earnings Quality,0
459,TEL_ChurnRate,Churn Rate,Telcm: Churn Rate,Earnings Quality,1
460,TEL_1YrGrChurnRate,1 Yr Grw Churn Rate,Telcm: 1Y Grw Churn Rate,Historical Growth,1
461,PB_PatentstoMktCap,Number of Patents to Mkt Cap,PhrmBio: Patents/MCap,Valuation,0
462,PB_1YGrNumPatents,1 Yr Grw Number of Patents,PhrmBio: 1Y Grw # Patents,Historical Growth,0
463,PB_1YGrNumPatentApps,1 Yr Grw Num of Patent Applications,PhrmBio: 1Y Gr # Ptnt App,Historical Growth,0
464,PB_1YGrNumProdsinPh3,1 Yr Grw Num of Products in Phase 3,PhrmBio: 1Y Gr # Prod Ph3,Historical Growth,0
465,HF_1YChgAdmissions,1 Yr Chg in Admissions,Hosp: 1Y Chg Admissions,Historical Growth,0
466,HF_PatientDaysGr,Patient Days Growth,Hosp: Patient Days Growth,Historical Growth,0
467,HF_1YGrAvgLengthofStay,1 Yr Grw Avg Length of Stay,Hosp: 1Y Gr Av Lngth Stay,Historical Growth,0
468,HF_FacilitiesGr,Hospitals and Facilities Growth,Hosp: Hosp & Facil Growth,Historical Growth,0
469,HF_TotRevperFacility,Total Revenue per Facility,Hosp: Tot Rev/Facility,Capital Efficiency,0
470,HF_SurgeriesGr,Surgeries Growth,Hosp: Surgeries Growth,Historical Growth,0
471,HF_LicensedBedsGr,Licensed Beds Growth,Hosp: Licensed Beds Grwth,Historical Growth,0
472,MH_MedicalLossRatio,Medical Loss Ratio,MgHlth: Medical Lss Ratio,Earnings Quality,1
473,MH_1YGrHealthcarePremiums,1 Yr Grw Healthcare Premiums,MgHlth: 1Y Gr HC Premiums,Historical Growth,0
474,MH_1YGrEnrollment,1 Yr Grw Total Enrollments,MgHlth: 1Y Gr Enrollments,Historical Growth,0
475,UT_1YGrFuelCostElecGas,"1 Yr Grw Fuel Cost - Electric,Gas",Util: 1YGr FuelCst ElcGas,Historical Growth,1
476,UT_1YGrElecGasWaterSales,"1 Yr Grw Electric,Gas,Water Sales",Util: 1Y Gr ElecGasWtrSls,Historical Growth,0
477,UT_1YGrAvgRevperKWh,1 Yr Grw Avg Revenue per KWh,Util: 1YGr AvgRev/KWh,Historical Growth,0
478,UT_1YGrOpRevElecGasWater,"1 Yr Grw Oper Revenue - Elec,Gas,Water",Util: 1YGrOpRev ElcGasWtr,Historical Growth,0
479,TEL_1YrGrWirelessSubs,1 Yr Grw Wireless Subscribers,Telcm: 1Y Gr Wrls Subscrb,Historical Growth,0
480,ROEStab,Return on Equity Stability,ROEStab,Historical Growth,0
481,DIVIDENDGROWTH,Dividend Growth,DivGrw,Historical Growth,0
482,60MAVGTTMROE,Normalized ROE,NormROE,Capital Efficiency,0
483,60MAVGTTMROA,Normalized ROA,NormROA,Capital Efficiency,0
484,ROASTAB,Return on Assets Stability,ROAStab,Historical Growth,0
485,60MAVGTTMEP,Normalized EP,NormEP,Valuation,0
486,PAYOUTRATIO,Payout Ratio,PayoutRatio,Capital Efficiency,1
487,NIStab,Net Income Stability,Net Income Stability,Earnings Quality,0
488,LTGC,Expected LTG,Long Term Growth,Analyst Expectations,0
489,EstDiffC,Analyst Earnings Estimate Diffusion,Analyst Diffusion,Analyst Expectations,0
490,Rev3MFY1C,3M Revision in FY1 EPS Estimate,3MRevFY1,Analyst Expectations,0
491,Rev3MFY2C,3M Revision in FY2 EPS Estimate,3MRevFY2,Analyst Expectations,0
492,RevMagFY1C,Street Revision Magnitude,StreetRev,Analyst Expectations,0
493,EPSSurpC,Earnings Surprise,ESurprise,Analyst Expectations,0
494,EPSEstDispFY1C,Analyst Dispersion for FY1 EPS,DispFY1EPS,Analyst Expectations,0
495,SUEC,Standardized Unexpected Earnings,SUE,Analyst Expectations,0
496,AdjEPSNumRevFY1C,Adjusted Number of EPS FY1 Revisions,Adj Num of EPS FY1 Rev.,Analyst Expectations,0
497,InvPEGC,Inverse PEG,Inverse PEG,Analyst Expectations,0
498,EPSEstDispFY2C,Analyst Dispersion for FY2 EPS,DispFY2EPS,Analyst Expectations,0
499,EPSNumRevFY1C,Number of EPS FY1 Revisions,Num FY1 EPS Rev,Analyst Expectations,0
500,AdjFwdEPC,Adjusted Forward Earnings to Price,Adjusted Fwd EP,Valuation,0
501,AdjRev3MFY1C,Adjusted 3M Revision in FY1 EPS Estimate,Adj 3M FY1 EPS Rev,Analyst Expectations,0
502,6MAvgChg1MRecC,6M Avg Chg 1M Recommendation,6M Avg Chg 1M Rec,Analyst Expectations,1
503,AdjEPSNumRevFY2C,Adj Number of EPS FY2 Revisions,Adj Num of EPS FY2 Revs,Analyst Expectations,0
504,AdjRevMagC,Adjusted Revision Magnitude,Adj Rev Mag,Analyst Expectations,0
505,PM-style,Price Momentum,Price Momentum,Price Momentum,1
506,HG-style,Historical Growth,Historical Growth,Historical Growth,1
507,CE-style,Capital Efficiency,Capital Efficiency,Capital Efficiency,1
508,Val-style,Valuation,Valuation,Valuation,1
509,EQ-style,Earnings Quality,Earnings Quality,Earnings Quality,1
510,Sz-style,Size,Size,Size,1
511,Vol-style,Volatility,Volatility,Volatility,1
512,AE-style,Analyst Expectations,Analyst Expectations,Analyst Expectations,1
513,AdjFwdFCFPC,Adj Forward Free Cash Flow to Price Ratio,Adjusted Fwd FCFP,Valuation,0
514,FwdEPC,Forward Earnings to Price,Fwd Earnings / Price,Valuation,0
515,FwdFCFPC,Forward Free Cash Flow to Price Ratio,Fwd FCF / Price,Valuation,0
516,InvPEGYC,Inverse P/E Ratio Adj for Growth and Yield,Inverse PEGY,Valuation,0
517,AdjInvPEGC,Adjusted Inverse PEG,Adj Inverse PEG,Analyst Expectations,0
518,IndRel_LTGC,Ind Grp Rel Expected LTG,Ind Rel Long Term Growth,Analyst Expectations,0
519,IndRel_SUEC,Ind Grp Rel Standardized Unexpected Earnings,Ind Rel SUE,Analyst Expectations,0
520,IndRel_EPSEstDispFY1C,Ind Grp Rel Analyst Dispersion for FY1 EPS,Ind Rel DispFY1EPS,Analyst Expectations,0
521,IndRel_EPSSurpC,Ind Grp Rel Earnings Surprise,Ind Rel ESurprise,Analyst Expectations,0
522,IndRel_InvPEGC,Ind Grp Rel Inverse PEG,Ind Rel Inverse PEG,Analyst Expectations,0
523,IndRel_FwdEPC,Ind Grp Rel Forward Earnings to Price,Ind Rel FwdEarnings/Price,Valuation,0
524,IndRel_FwdFCFPC,Ind Grp Rel Forward Free Cash Flow to Price Ratio,Ind Rel Fwd FCF / Price,Valuation,0
525,IndRel_InvPEGYC,Ind Grp Rel Inverse P/E Ratio Adj for Growth and Yield,Ind Rel Inverse PEGY,Valuation,0
526,5YRel_FwdEPC,5 Yr Hist Rel Forward Earnings to Price,5Y Rel FwdEarnings/Price,Valuation,0
527,5YRel_FwdFCFPC,5 Yr Hist Rel Forward Free Cash Flow to Price Ratio,5Y Rel Fwd FCF / Price,Valuation,0
528,5YRel_InvPEGYC,5 Yr Hist Rel Inverse P/E Ratio Adj for Growth and Yield,5Y Rel Inverse PEGY,Valuation,0
529,ROAStddev,ROA Standard Deviation,ROAStddev,Historical Growth,1
530,ROEStddev,ROE Standard Deviation,ROEStddev,Historical Growth,1
531,DivperShareGrowth,Dividend per Share Growth,DivperShareGrowth,Historical Growth,0
532,ROAStddev20Q,ROA 20 Qtr Standard Deviation,ROAStddev20Q,Earnings Quality,1
533,ROEStddev20Q,ROE 20 Qtr Standard Deviation,ROEStddev20Q,Earnings Quality,1
534,ROA60MSlope,ROA 60 Month Slope,ROA60MSlope,Earnings Quality,0
535,SharpeRatio,Sharpe Ratio,Sharpe Ratio,Price Momentum,1
536,IO_TO,Institution Ownership Turnover,IO Turnover,Price Momentum,1
537,IO_Concentration,Institution Ownership Concentration,Ownership Concentration,Price Momentum,1
538,IO_BreadthStabBY,Ownership Breadth Stability of Institution Ownership by Buyers,IO Breadth Stab - Buyers,Price Momentum,0
539,IO_Level,Institution Ownership Level,IO Level,Price Momentum,0
540,IO_Foreign,Foreign Institution Ownership,Foreign Ownership,Price Momentum,0
541,IO_ChgofIO_AM,Change of Ownership Level - All Managers,Chg of IO Level - All,Price Momentum,0
542,IO_ChgofIO_HF,Change of Ownership Level - Hedge Fund,Chg of IO - HF,Price Momentum,0
543,IO_StabofChgHD,Stability of Change in Number of Holders,Stab of Chg in Num HD,Price Momentum,0
544,IO_InvDuration,Investment Duration,Investment Duration,Price Momentum,0
545,IO_Level_AM,Institution Ownership Level - Active Manager,IO Level - Active,Price Momentum,0
546,IO_ChgofNumHD,Change in Number of Holders,ChginNumHolder,Price Momentum,0
547,IO_ChgofNumBY,Change in Number of Buyers,ChginNumBuyers,Price Momentum,0
548,IO_BreadthStabHD,Ownership Breadth Stability of Institution Ownership by Holders,IOBreadStab_Holders,Price Momentum,0
549,GrPftToAst,Gross Profit to Assets,Gross Profit / Assets,Capital Efficiency,0
550,EbitdaToAst,EBITDA to Assets,EBITDA / Assets,Capital Efficiency,0
551,EbitToAst,EBIT to Assets,EBIT / Assets,Capital Efficiency,0
552,AstGrwth,Asset Growth - 1 Year,Asset Growth YoY,Capital Efficiency,1
553,IO_NAT,Net Arbitrage Trading,Net Arbitrage Trading,Price Momentum,0
554,BNK_LossAbsorpPowerS,Loss Absorption Power,BNK_LossAbsorpPower,Capital Efficiency,1
555,BNK_LoanLossIndS,Loan Loss Indicator,Bank: Loan Loss Indicator,Earnings Quality,1
556,BNK_LoanFundS,Loan Funding,Bank: Loan Funding,Capital Efficiency,1
557,BNK_YoYChg30DLTLS,1YChg30DLoanDue/TotLoan,Bank: YoY Chg 30D LD/TL,Earnings Quality,1
558,BNK_ProbLoansS,Problem Loan Ratio,Bank: Problem Loan Ratio,Earnings Quality,1
559,BNK_TBVPS,Tangible Book Value/Price,Bank: Tangible BV/Price,Valuation,0
560,BNK_NonPerAstEAS,Non-Perf Asts / Earn Asts,Bank: N-P Asts/Earn Asts,Earnings Quality,1
561,BNK_TexasRatioS,Texas Ratio,Bank: Texas Ratio,Capital Efficiency,1
562,BNK_Tier1CapS,Tier 1 Capital Ratio,Bank: Tier1 Capital Ratio,Capital Efficiency,0
563,BNK_LnDiverseS,Loan Diversity,Bank: Loan Diversity,Earnings Quality,1
564,BNK_OpIncAstS,Adj Op Income / Tot Asset,Bank: Adj Op Inc/Tot Asts,Earnings Quality,0
565,BNK_DepCostS,Deposit Cost,Bank: Deposit Cost,Capital Efficiency,1
566,BNK_CoreDepMixS,Core Deposit Mix,Bank: Core Deposit Mix,Capital Efficiency,0
567,BNK_ProvRateS,Provision Rate,Bank: Provistion Rate,Earnings Quality,1
568,BNK_PPPPS,PreProvision Profit/Price,Bank: PreProv Prft/Price,Valuation,0
569,BNK_CostEffS,Cost Efficiency,Bank: Cost Efficiency,Earnings Quality,1
570,BNK_DemandDepMixS,Demand Deposit Mix,Bank: Demand Deposit Mix,Capital Efficiency,0
571,BNK_TimeDepMixS,Time Deposit Mix,Bank: Time Deposit Mix,Capital Efficiency,1
572,BNK_PPPEAS,PreProv Profit/Earn Asts,Bank: PreProf Prft/ErnAst,Capital Efficiency,0
573,BNK_PPPAS,PreProv Profit/Assets,Bank: PreProf Profit/Asts,Capital Efficiency,0
574,BNK_ROTCES,Return on Tang Comm Eqty,Bank: Rtrn on Tang Com Eq,Capital Efficiency,0
575,AdjEBITP,Adjusted EBIT to Price,AdjEBITP,Valuation,0
576,AdjSTO_6M,Adjusted 6 Month Average Share Turn Over,AdjSTO_6M,Price Momentum,1
577,Chg1YTurnover,1Y Chg in Share Turnover,1YChg Turnover,Price Momentum,0
578,Amihud,Amihud Illiquidity Measure,Amihud Measure,Volatility,1
579,Chg1YAmihud,1Y Chg in Amihud,1YChg Amihud,Volatility,1
580,BuyToSellRecLess3MEMA,Buy-to-Sell Recommendation Ratio Less 3M EMA,BuyToSell Rec Less 3M EMA,Analyst Expectations,0
581,BuyToSellRecLess3MSMA,Buy-to-Sell Recommendation Ratio Less 3M SMA,BuyToSell Rec Less 3M SMA,Analyst Expectations,0
582,6MChgTgtPrcGapEMA,Target Price Gap to 6M EMA,Tgt Prc Gap to 6M EMA,Analyst Expectations,0
583,6MChgTgtPrc,6M Chg in Target Price,6M Chg in Tgt Prc,Analyst Expectations,0
584,6MChgTgtPrcGap,6M Chg in Target Price Gap,6M Chg in Tgt Prc Gap,Analyst Expectations,0
585,RevEstDisp,Revenue Estimate Dispersion,Revenue Est Disp,Analyst Expectations,1
586,EBITEstDisp,EBIT Estimate Dispersion,EBIT Est Disp,Analyst Expectations,1
